humanGene,EnsNum,x00511204,x7d9d7119,x93904035,a154c740,a6f657a3,bfe796aa,cbf61237,d578e27f,e1f960fc,e29ce54a
RMND5A,ENSG00000153561.11,16.0546348885,15.6436361402,151243.109382,2123,549953.824845,153,16.4413743419,16.1267035586,22.5096888809,11.3589638951
RAD23A,ENSG00000179262.8,38.9356481105,21.5142980465,775745.038464,11990,715245.269043,50906,35.4662276409,58.9966611414,23.9209109031,42.194119846
RAD17,ENSG00000152942.17,6.71326600879,5.55100617026,151541.361155,2056,226407.609887,677,11.203721358,15.4666728267,10.8745863851,8.66798470739
TTDN1 (C7orf11),ENSG00000168303.6,1.85918994126,3.36634373043,49263.8903263,1021,46710.7876155,792,3.27972843824,2.36782757628,1.71648597228,3.96171955766
RAD54L,ENSG00000085999.10,0.00970150764521,4.41325732573,15129.8861733,3602,58631.9582515,2362,1.31645800541,2.45043550239,3.22875456101,2.96312265075
UBE2N,ENSG00000177889.8,10.5477997615,8.83952862957,359788.007983,1888,346287.887772,1445,12.7536468937,21.4407047797,56.5120071833,12.994490059
TMEM30A,ENSG00000112697.14,24.071953429,65.9105478055,702850.166466,3049,1707226.0994,12714,49.1552426641,30.7936467065,21.0098590088,26.3429579615
POLG,ENSG00000140521.10,11.0086481904,14.6093304994,264802.654955,1282,137476.742229,808,7.21459088347,13.4034477237,8.23028262645,10.4453354361
TIPIN,ENSG00000075131.8,1.0519040137,3.4787739239,46372.2363056,4821,121721.65833,1237,2.11353962407,2.81795635523,4.03204585152,2.54515762323
RECQL,ENSG00000004700.14,7.34079033224,13.8899052998,156082.413636,6024,313349.865584,1750,7.83096293809,8.12022955853,9.01898681786,4.97671176612
BRCA2 (FANCD1),ENSG00000139618.13,0.0304680934309,2.60236876714,8123.47419519,14768,95622.3256807,7,0.983898113477,0.408106426047,2.15966543612,0.894183802196
RPA3,ENSG00000106399.10,2.73817849196,11.9965343474,98123.2266513,4408,123365.447513,3778,7.15925269458,6.7855531124,5.56796125346,9.87404941326
RNASEH2B,ENSG00000136104.17,2.25140800487,2.16690519349,51635.1402182,35,45568.4426036,4,2.82353755124,2.25518305268,3.32844980127,2.59011351529
RAD18,ENSG00000070950.8,1.03082443513,5.06228468473,48787.2494237,6950,371285.639449,4919,3.92308398242,2.94336500979,4.17107693261,3.48250197789
CAMKK1,ENSG00000004660.13,0.715650842655,1.95868467159,87931.7903047,3,17763.9291323,0,2.0504400873,0.607195736825,3.27069602916,5.8814908892
CAMKK2,ENSG00000110931.17,12.5706008062,11.9000497615,309015.086876,2049,159179.242212,1585,11.1834628773,15.4389103707,12.2125766407,18.2297405187
ATRIP,ENSG00000164053.16,0.0140197551993,0.0531028027418,1652.97601802,4006,153.914053623,4603,0.0582163733684,0.123403755504,0.0306295973354,0.122344030605
SIRT1,ENSG00000096717.10,9.4935317083,9.2120842584,156542.485102,3842,158421.222581,995,8.10321772665,7.07901794782,4.46283231412,7.80186517263
SMG6,ENSG00000070366.12,2.26313174337,2.82828727458,62850.734632,1680,58831.8021871,2153,2.46301405032,3.09492279323,2.29425506306,3.56669331509
CHMP6,ENSG00000176108.8,6.49560367736,9.59062023957,250737.54686,3038,131437.006241,2647,10.3618587106,15.2193101321,8.09473959327,14.553922431
ASF1A,ENSG00000111875.7,6.70393835689,11.6294786377,108878.862214,7246,504688.706915,3045,8.62563842662,6.4957472225,9.45321615465,7.08416308528
ERCC8 (CSA),ENSG00000049167.12,2.1601356507,1.23703638162,33386.3518248,4396,85489.6192973,4273,1.43300403481,1.40610609919,1.99916769133,1.59892819532
SMARCA5,ENSG00000153147.5,8.73332379339,24.7785222392,305560.435122,22,764093.919814,6,23.6172584187,22.3276903001,16.7525896727,15.5712875987
PMS2L3,ENSG00000127957.15,0.622503108394,1.31220192679,38293.1468032,2566,41450.1151949,818,0.891073130861,1.26366986591,1.96446015424,2.6093043137
HDAC2,ENSG00000196591.10,3.68428635878,13.3305535463,149091.922931,3835,989690.420545,347,7.56004213856,5.16710485491,8.43084723933,6.38323303498
ABR,ENSG00000159842.13,6.2966521384,11.1719583314,224635.794777,4497,104479.315073,611,5.54718303733,8.87152245497,8.66715090296,12.615617047
BRIP1 (FANCJ),ENSG00000136492.7,0.066292219179,1.22298459362,7836.97290715,5846,150040.508208,49,2.17039552891,1.41699629746,1.04647951347,1.12540527195
DDB1,ENSG00000167986.12,16.3937174998,25.7220419246,474102.326517,61,483500.819614,0,33.8644763119,33.3797270184,29.0406972811,26.155683694
RAD54L2,ENSG00000164080.12,2.18996320549,4.80968585907,82561.970637,732,93278.383364,139,3.102034081,2.73483316188,1.86318120109,3.22857416859
ASF1B,ENSG00000105011.7,0.148773293455,7.14633733669,65017.1871521,7007,378514.539235,4501,9.97063322355,15.8928397377,15.7492674526,13.640337856
ERCC5 (XPG),ENSG00000134899.16,4.29109464589,5.84486547285,75037.6314849,6,108746.140079,0,3.73512336359,1.99532313352,3.4584055404,4.24290006526
POLQ,ENSG00000051341.12,0.0232051806271,1.52810960187,4636.93344135,1638,58739.2354619,610,0.721213276051,0.631795264211,2.06410901362,0.989775603142
DDX58,ENSG00000107201.8,4.21639601786,37.187666263,188523.152439,404,185608.503687,2,49.0408913541,7.16677796186,7.17338492801,8.25490626465
CHEK1,ENSG00000149554.11,0.525056008308,5.43894701026,17036.2072116,975,154422.148369,5271,1.19019929748,2.80679115024,1.0311912541,2.54715940046
XPA,ENSG00000136936.9,11.160586873,4.86800606372,153607.815741,3305,131996.709181,1794,8.41812570127,4.87948149684,4.79118421516,7.61895678667
FANCG (XRCC9),ENSG00000221829.8,1.20713169837,5.75125981894,76245.4627018,1304,267507.906144,827,5.28236612364,5.22687249607,4.84756366245,9.05071779977
NUP133,ENSG00000069248.11,8.3489579152,11.6632107895,254126.674401,170,500658.316735,21,17.7310877748,10.0503322428,18.6434500071,21.4809364568
RFC5,ENSG00000111445.12,2.17716283789,6.72068897161,80956.0024944,543,236279.342674,154,5.83739515219,9.75618759147,7.99393209653,6.83920147966
UBE2V1,ENSG00000124208.16,0.0169538860481,0,545.159960836,14,186.126026398,2,0.00502858668352,0.0129765536216,0.00411554739516,0.00704518365439
XRCC1,ENSG00000073050.10,5.6574906983,10.840727624,198865.496243,71,287357.760597,4,17.7155407951,17.2934579751,14.9024113956,21.0407984368
ATAD5,ENSG00000176208.7,0.198198715907,1.6799440052,13312.8447708,3593,148650.14948,3858,1.35992742892,1.18327460782,2.40723573383,1.22718535503
CSTF2,ENSG00000101811.12,3.22726174624,8.63501267934,163564.440266,542,201083.256857,518,9.59753709122,10.6740163756,10.1013993763,13.7750156108
PRKD1,ENSG00000184304.13,2.78450663676,1.64973253194,60077.7417569,0,15878.2509142,0,0.689582394352,1.01735354818,0.0940625138315,0.640337516543
FANCA,ENSG00000187741.13,0.092817998576,2.452489166,11320.9162779,1177,51441.4408242,719,0.533990351009,0.681646925957,1.31459782067,1.15910999853
LIG1,ENSG00000105486.12,0.492817704664,4.18381284529,89366.6895835,598,183964.391673,341,4.93118305122,13.1114695236,8.12859850937,11.8916207718
MLH1,ENSG00000076242.13,9.44894982387,14.930840274,188655.907512,3188,646957.678972,1576,12.8628869748,18.0046650454,15.6481070398,13.7812768307
TMEM30B,ENSG00000182107.6,0.906052680012,16.9085452547,182539.088465,1775,39481.8636645,43371,19.5817450608,13.7672163979,9.15643111604,21.7043530285
CHEK2,ENSG00000183765.19,0.342307227503,3.89823290293,63986.0116176,1823,180816.424251,791,2.9956815718,2.35370778519,5.09253085205,3.48423792902
EME1,ENSG00000154920.13,0.0709500058206,1.15736596685,10646.6728235,1989,64182.6276165,433,1.08166365089,1.50425793242,1.46051706358,1.66875248568
RPA1,ENSG00000132383.10,12.5110232769,31.9875452145,332420.120649,1783,1017749.53317,377,15.0780331308,19.4581176887,24.2839612593,21.4430285879
ERCC3 (XPB),ENSG00000163161.11,5.07143854333,7.50185540135,167474.524783,12549,144390.452584,6687,7.80389771444,7.80689348883,3.99835689114,8.73155274044
CSTF2T,ENSG00000177613.8,8.65379208631,12.7546972943,260569.860793,2469,240261.44996,2769,13.4112553848,14.3976964602,13.4085707141,13.5326221726
IFIH1,ENSG00000115267.5,2.95233503902,54.2786029361,107547.249977,82,150273.007296,251,16.8123232893,6.38807104985,4.56067729386,4.74007206832
FEN1,ENSG00000168496.3,4.65280861415,15.3038677312,186409.946608,1251,765789.622184,1009,12.6161821679,20.42919574,19.7214091499,16.2646935111
CSNK2B,ENSG00000204435.12,10.4596806331,20.527451776,416106.67636,3418,492242.069901,4914,14.6342879489,15.430307976,15.888284705,15.0527711029
DNA2,ENSG00000138346.13,0.403361060418,3.82438958737,13279.0751011,21,98950.2287466,1,1.62651273901,1.46280980247,2.17745858503,2.16305232456
RAD1,ENSG00000113456.17,2.13928423994,10.3690408943,86116.6613452,3298,152215.630467,3137,4.45666484378,6.27910516149,7.70077189796,4.33772040902
HIST1H2AG,ENSG00000196787.3,0.124644970226,0.723916287973,1336.00534402,4,16990.9486138,2,0.135557287423,2.18633300935,0.0554720914903,0.73377936155
CDC73,ENSG00000134371.9,9.8950918768,13.2893825287,179638.050391,5244,293104.985661,2184,15.5812477805,6.16995118518,13.7104317036,14.135801635
XRCC6,ENSG00000196419.11,70.6577384061,131.728182043,2047129.53888,0,2385411.44816,0,114.920388252,96.8616611609,115.039252774,73.9371711772
POLE,ENSG00000177084.15,1.0675385041,4.74350720885,64672.6652172,833,129608.162008,45,2.9390383097,5.7878905922,3.13774274344,6.56769080728
SLC25A39,ENSG00000013306.14,15.4613141952,42.1405991021,768837.732186,515,936213.965568,134,37.7067417286,81.9883333876,33.8691400661,58.4855521456
LIG4,ENSG00000174405.12,2.81992552881,9.46767654945,64980.656549,0,187445.17923,0,4.67710142693,1.4475276053,3.1812796734,3.90065337275
FAN1 (MTMR15),ENSG00000198690.8,3.27509991996,2.96313182059,50391.3865833,23,78041.1343884,2,4.66678255074,6.61059769361,7.73229695755,4.35885762929
OGG1,ENSG00000114026.20,1.58428852571,2.15840647897,49337.1949441,2061,93575.0036339,2700,1.78437265072,3.2568653242,1.78910098019,3.11382112323
GEN1,ENSG00000178295.13,0.35700924718,1.65563107501,28254.6999808,6,83673.689316,3,1.30116115414,2.26721743231,4.46590481138,2.00525751249
SLX1A,ENSG00000181625.16,0.00632844081162,0.00479406293911,203.49390902,766,104.213942888,158,0.0168933551825,0.0435942627963,0,0.0157786932048
POLN (POL4P),ENSG00000130997.15,2.27019802331,0.146753835486,6878.15210787,2132,4220.30700407,720,0.953462629363,0.609324066965,0.393845252836,0.752188554489
PBRM1,ENSG00000163939.17,9.87385964161,11.6391545206,149823.159889,1705,203553.536055,1154,13.2161462105,6.65757486519,7.65017466051,6.61334980098
XRCC5,ENSG00000079246.14,41.2830849354,70.5694366272,1339123.42349,352,3713359.11057,40,82.0764151161,60.6194144109,57.9499335281,76.1547637612
HDAC3,ENSG00000171720.8,6.73892991152,13.6737213473,289176.928679,12908,258236.839638,2331,10.3372377389,14.8520943422,13.9657559405,13.1489734692
RBBP8,ENSG00000101773.15,2.56769618001,12.8462637124,218075.120975,2,329601.005132,2,37.5257021888,22.9162648851,9.8800469375,13.0863975014
MRE11A,ENSG00000020922.11,2.75786520479,4.48694487978,63464.1633377,813,126869.178506,239,2.90114135775,5.47649548187,1.9907029605,4.81736903838
XRCC2,ENSG00000196584.2,0.0481577002211,3.01823652349,16620.9195642,2,107906.247394,0,1.43694584457,0.759316898514,3.08388999345,1.61696328444
RNASEH2A,ENSG00000104889.4,1.82627193992,7.93618912839,136860.282605,39,558449.553778,0,11.7900208855,23.2309457751,17.4956340096,19.7760343756
SMARCA1,ENSG00000102038.14,15.95201358,21.6717158976,299016.552472,616,278215.685372,7,15.5225140686,10.8895264425,1.71901877501,14.8960049708
MUS81,ENSG00000172732.10,2.82249384733,3.89481194332,177674.560223,1,96660.6396282,0,5.81794072167,6.57250118423,3.73798425126,9.16199502532
PRKD3,ENSG00000115825.8,5.07845513939,7.24148261216,98742.9759949,118,1151430.43416,22,4.91134118922,2.07973656662,1.3657080847,1.82593705542
UBE2A,ENSG00000077721.14,13.3598807169,12.6844035938,264364.969514,1,305399.789235,0,13.3408986108,15.0232224964,9.43468100968,9.90690493989
RNF8,ENSG00000112130.15,1.72512430274,4.93301857997,64615.9238629,221,127565.442408,24,2.38689534094,3.21035002549,3.01482092811,3.01323844287
EME2,ENSG00000197774.11,0.487105832406,0.845632734587,64320.2746497,279,9432.62132825,85,1.91633259221,7.7725161182,2.98567863052,16.0865067564
RNF10,ENSG00000022840.14,29.9645580597,31.1198594773,586013.848031,1270,349811.4918,396,34.4167821181,43.7747439785,28.7474445926,40.8253172505
CCNT1,ENSG00000129315.8,4.34591742613,3.76619399168,136074.618373,4090,201124.51158,1884,8.37546621289,9.80197471948,10.8709043763,5.06209205465
CDC20,ENSG00000117399.12,0.198771419643,24.607887429,57770.1035044,0,603290.526815,0,8.72780799957,8.1980173417,15.3997038714,11.6179261323
RAD52,ENSG00000002016.15,1.40560258787,1.94932319943,37186.5449276,18,54560.4014568,0,2.0349034115,2.79209288198,1.62480632484,3.27280223451
TCEA2,ENSG00000171703.15,2.77089766172,2.97409608014,142830.433879,1,23723.2775845,0,5.59518336875,7.62911098186,11.8144150026,13.51802903
POLD1,ENSG00000062822.11,0.840288755638,4.05499764382,82297.1591598,0,121791.132433,0,3.60721701253,6.54328826277,3.15779225108,9.60783077776
CUL3,ENSG00000036257.11,5.4291795484,4.23389053974,151411.035892,0,346805.179108,0,7.90255444104,8.41156447595,7.58212823356,8.2556509195
FANCF,ENSG00000183161.4,1.25185127628,4.77206572551,97172.560159,0,199658.291025,0,6.71269676189,8.13746637225,4.89318918579,8.76312916174
TOP3A,ENSG00000177302.13,2.6392744815,5.98715241055,127958.201765,0,303325.527006,0,7.83318306778,4.14886428497,10.6001718992,5.68370408896
PIAS4,ENSG00000105229.5,2.58110127593,5.11807900537,174512.491797,0,216603.678251,0,7.42622812371,9.86155790635,6.90565712831,17.702832569
TUBA1A,ENSG00000167552.12,42.606463624,31.6068771881,2585849.86401,6,2789622.03603,0,49.7168266156,103.470122586,8.95519533904,59.8888718045
SMC6,ENSG00000163029.14,2.44081597589,6.12976578195,69560.9459962,27,265898.544335,20,4.22942274215,2.57288244743,6.3835973289,4.80053249203
RECQL5,ENSG00000108469.13,1.55166351539,2.19875327028,60239.1184377,0,70626.8328988,0,5.95134954934,5.85661353075,3.84949598871,5.75882522245
UBR1,ENSG00000159459.10,3.92026510405,4.91711699298,104762.304625,578,99265.0612311,3,8.03509093484,4.20357796108,9.6368079239,3.75832801519
BCR,ENSG00000186716.18,7.52306695345,8.40089625528,220717.486308,2,170877.23591,1,6.54080150362,6.77755371797,5.42187907638,5.60177741387
GAPDH,ENSG00000111640.13,209.243405653,1048.77877704,11787748.5935,1,26942067.7763,0,474.290314316,698.635108879,848.050046918,539.18165984
TOP3B,ENSG00000100038.18,0.0258073835357,0.0746461804179,1886.01868697,0,2279.46226712,0,0.0772415447973,0.0646463333863,0.0563825655111,0.105292661958
CCNT2,ENSG00000082258.11,3.14494866237,3.8368467885,116519.792145,0,106715.421798,0,8.68072277106,3.43541289153,4.469404254,5.56548096179
REV1,ENSG00000135945.8,4.26165789885,3.82241023523,137422.483015,2,103534.788308,0,5.20361438107,3.04621715002,4.14195597654,4.55525125147
RAD51C,ENSG00000108384.13,2.0900833422,3.41173897577,46566.4354417,2,158604.449973,0,3.9251864815,3.9767886778,2.47388009144,2.0838406294
BLM,ENSG00000197299.9,0.185511900427,2.86471422686,11012.7138723,0,120904.622722,0,1.00947016227,1.16050620457,3.13844821756,1.46766414454
HIST1H2AC,ENSG00000180573.9,12.5261469629,19.9193027706,358330.570013,0,1134435.6202,0,105.183788772,36.9131371069,28.7949677009,36.7976531289
ACTR8,ENSG00000113812.12,5.11945647508,8.28182744065,96725.6697359,0,68718.6124267,0,7.6786296044,8.22697861365,5.27143623075,6.29140271726
RNF4,ENSG00000063978.14,5.7307539612,12.3923203444,309284.318293,0,208330.208498,0,10.6982109572,16.9088813258,15.1438393572,12.2579567105
FANCI (KIAA1794),ENSG00000140525.16,0.419308504654,11.8592165859,47674.5404278,17375,260241.968535,15571,5.41627737805,6.49557883752,12.9975579246,8.46373492121
RIF1,ENSG00000080345.16,2.78660346432,6.27833448776,89025.3478442,0,276305.812612,0,4.67443893012,3.13924447791,3.85131094697,3.15849552593
PRDX5,ENSG00000126432.12,93.2045676016,80.0170871401,3475035.17674,10,1748615.66729,8,147.099252838,253.178831464,214.009160458,186.340129483
PRRC2C,ENSG00000117523.14,8.26317986474,35.236834398,412109.327483,2,897633.71511,0,24.2798486316,10.4622911272,26.4766748401,27.4240567913
PPP2R5A,ENSG00000066027.10,76.9092053213,22.806757393,343562.942879,0,769120.476927,0,29.7537372315,19.104107686,34.1731814956,38.2631660158
RAD54B,ENSG00000197275.11,0.137881604232,1.04246370374,13735.6093412,0,58990.3719922,2,0.305518707753,0.993270403189,0.687133592711,0.960561830733
RPA2,ENSG00000117748.8,13.8288624718,29.551302052,373952.461635,1,751678.807582,1,32.4518982353,20.7853731188,19.0289580359,28.3512950593
CHAF1B,ENSG00000159259.7,0.499261799458,5.07126993365,40918.1003664,0,167440.326198,0,2.73050488362,6.65127099563,1.52085639304,5.48398995297
DCLRE1C (Artemis),ENSG00000152457.16,1.11817926973,4.39766532208,31995.7018051,14,53699.800674,4,1.68969336043,1.39123998583,2.29944597913,1.62118964037
CCS,ENSG00000173992.7,6.74488495916,6.01122009889,277839.42987,1,82759.350225,0,11.5662534503,13.1739136795,15.0477271773,19.2822518994
PRKD2,ENSG00000105287.11,4.58034790055,11.6252663563,238725.707014,0,178509.298949,0,11.0788314897,13.007196016,5.33159340931,15.4718054447
POLL,ENSG00000166169.15,3.69105493011,3.65848918196,114805.256269,0,45018.9235696,0,5.21044060367,6.77242502796,2.6670706182,7.40747637449
EXO1,ENSG00000174371.15,0.0263440456395,4.49596717916,17547.171638,0,405747.521792,0,2.07957202297,1.48203996484,5.85416933909,4.02077310005
RECQL4,ENSG00000160957.11,0.187585383661,2.77520562423,68361.4632476,1,83465.5274652,0,2.41536693886,9.59441526638,9.0804656589,11.6468062302
HDAC8,ENSG00000147099.18,2.10580250404,2.46416617581,61845.1999742,0,38922.6580312,0,4.18826862158,4.48285285698,3.73367142186,4.2537585114
CDK7,ENSG00000134058.9,5.37173962217,6.18692947016,219744.988116,1,244377.08636,0,10.6486008507,15.3443455033,17.1676001887,13.6342389942
MAD2L2,ENSG00000116670.13,2.60145752389,11.2241964874,292251.169005,198,319329.015406,94,7.45743035914,10.7738070677,6.36622809091,7.88279113451
H2AFX,ENSG00000188486.3,2.68365100083,17.9677379945,283094.069179,0,410297.008297,0,16.0112443239,43.3128898304,13.7789750745,39.3285199029
ERCC6 (CSB),ENSG00000225830.9,0.42314617983,2.10670726726,17431.1601178,0,26780.70219,0,1.31407447112,1.1867444901,0.963561083621,0.830639147085
FANCB,ENSG00000181544.12,0.0193849098329,1.7732008609,3739.98385574,22,23143.5990491,3,0.439847270799,0.389478240037,0.857609671209,0.289994222111
HLTF,ENSG00000071794.14,7.86790337455,21.6779886165,124086.153715,1,436909.620445,0,12.3310611986,7.18615431361,19.1784057708,7.15164030899
PRDX1,ENSG00000117450.12,89.0716069262,245.660245784,3101143.15359,4,3387224.70265,0,206.071650791,385.065975074,273.368700061,215.292804483
UBR2,ENSG00000024048.9,7.44838297757,11.9431767582,145256.576501,1,204331.004618,2,10.8526684758,6.77686787689,9.92567655144,8.08363336448
CHTF18,ENSG00000127586.15,0.276532324917,0.913753582469,60296.3872302,2,47272.89602,0,1.66853198147,6.03831876223,5.5294361896,12.5878925793
RAD50,ENSG00000113522.12,7.80067539586,7.01341920407,126442.630425,0,119083.654561,0,11.5992912959,17.4140170137,25.8970143814,11.3527802574
TOPBP1,ENSG00000163781.11,3.91010219338,16.4317813372,126577.022041,0,1232543.2453,0,8.07782593931,9.37379028052,10.4287377192,8.90532733355
DSCC1,ENSG00000136982.5,0.80207577844,5.73145234594,34452.3083816,0,142431.994267,0,1.78424030656,3.53915185218,4.26749378445,2.82063387041
ATRX,ENSG00000085224.19,5.70989714734,6.93254953795,75124.0150816,9,132998.861837,0,7.60836773706,5.25101586788,7.98545707008,4.12012061427
RRM2B (p53R2),ENSG00000048392.10,4.86683790107,11.6795920023,154237.819547,0,329505.214969,0,10.7527017722,17.5012682986,6.48725694707,5.86418204513
BRCA1,ENSG00000012048.18,0.60361189001,0.476034872689,16108.1080589,3,4926.28140523,3,3.65417487941,4.14383064331,3.0512744134,3.16223332462
SLC25A40,ENSG00000075303.11,1.53322390063,4.65522098878,51076.3704145,32,110790.189312,0,5.29886356833,2.7707138368,7.4720731564,5.26779793344
UBE2B,ENSG00000119048.6,21.2617958555,14.5537845141,422449.274118,7,333289.869216,0,18.0343316729,46.0983432145,21.1657725403,18.0602030646
PRDX4,ENSG00000123131.11,24.8357067118,68.8218050307,863860.073087,0,764199.201169,0,25.914554726,39.9007861996,66.1545214465,34.0932643918
SMG5,ENSG00000198952.8,15.8978737477,47.2430860026,639948.826764,18,1242578.24707,9,23.161246475,33.8033973973,30.6596828172,43.9081109179
APLF (C2ORF13),ENSG00000169621.8,0.749005339653,0.815538976503,10883.7155741,0,17728.2888021,0,0.15544570132,0.330937582355,0.734703944755,0.620683148481
WDR73,ENSG00000177082.11,0.341524110711,0.843595706813,19829.8112951,8,16525.6940558,2,0.731645257752,1.06110017708,0.970104125353,1.29544284201
BRSK2,ENSG00000174672.14,0.0225707971581,2.2330429872,2540.21007392,3,780.540239776,1,0.0160670009984,0.0233222674934,1.90835303485,0.0253240825752
LIG3,ENSG00000005156.10,0.701905842861,4.42280675674,68757.3769724,0,145297.678271,1,5.80672612239,7.26936609869,4.19117611362,6.10717135718
FANCD2,ENSG00000144554.9,0.18597065264,3.85872168975,32112.4464254,6,292405.764755,11,2.11647379436,3.20057061017,6.60776874886,3.27590192129
NHEJ1 (XLF Cernunnos) ,ENSG00000187736.11,0.245561416093,0.356860854896,4995.51692642,15,5611.79847619,2,0.160533060634,0.17836396082,0.135034697405,0.218663556362
ATR,ENSG00000175054.13,3.35402298643,6.06206342927,64790.2719652,0,102169.961867,0,3.35278844079,2.4392971592,6.59037793972,3.55798293743
APTX (aprataxin),ENSG00000137074.17,4.12851511304,7.73470749009,163827.258634,0,396272.18387,0,10.9073708111,7.41209852015,6.34557125177,8.37638309887
MLH3,ENSG00000119684.14,1.69909441656,3.16844394791,72427.5287392,23,64642.2277424,4,3.52770478287,1.96357150254,3.1232560942,3.8484823272
PMS2,ENSG00000122512.13,2.68781551014,12.6546209539,61479.6666504,19,71770.522067,2,5.31868860888,5.50825029241,4.31838239948,7.39734081082
PIAS2,ENSG00000078043.14,1.52632662376,1.21955851734,31014.2736549,0,50299.0108581,0,1.45068944681,2.05346131596,2.65165326833,1.85403291172
XPC,ENSG00000154767.13,5.66656609639,10.7402716937,197873.863609,0,274542.444856,0,13.2772453043,11.5725110746,7.4682054281,12.0476340753
HDAC1,ENSG00000116478.10,7.21041115928,51.1462594763,608206.066435,123,698831.089437,53,28.8156022427,36.1780863051,26.6012938908,48.4241445348
CHAF1A,ENSG00000167670.14,3.09147940226,4.33242779825,70273.1352447,6,376357.346108,3,4.60514669892,9.48710130303,7.24765415366,9.28933767505
PTTG1,ENSG00000164611.11,0.224460018414,8.18527779766,56994.2667252,1,420869.224958,0,6.42570192889,9.46393979797,16.5040933359,5.64470403927
POMP,ENSG00000132963.7,54.9140524462,105.606942038,1331093.55967,0,1807881.58753,0,51.4067874025,42.4280552101,58.5524029113,48.7357535671
RAD51,ENSG00000051180.15,0.148338153995,4.88238953534,30593.0311049,0,156084.363051,0,1.79328381933,3.82311380105,6.28046854499,3.19475024258
CCNB2,ENSG00000157456.6,0.139063024618,18.536709041,39529.2548682,0,993414.108725,0,4.70211453486,5.1921062703,16.6694436106,5.8527290992
PIF1,ENSG00000140451.11,0.0836588341828,0.803596562946,4411.7444511,0,18074.8519295,0,0.324560925692,0.345776659164,0.484958391221,0.567355176456
SHPRH,ENSG00000146414.14,0.849836007804,1.10153143651,14657.6534597,2,81306.1264035,0,1.20031996336,0.672442183365,1.30340415067,0.847998521748
HUS1B,ENSG00000188996.4,0.0304012122502,0.080605737261,2443.91221467,1,4005.06891535,0,0.0946797018587,0.0349037642291,0.0221396374019,0.113698954157
NBN,ENSG00000104320.12,12.2802427618,47.4285882691,236340.126647,10,844079.171392,4,20.44214344,16.2086197849,51.2512286011,14.1417229896
TIMELESS,ENSG00000111602.10,2.10491033425,5.90960628241,72678.8744212,3625,265968.061342,1722,8.8501552576,17.1625672246,10.9818671077,11.2007703385
POLD3,ENSG00000077514.7,3.25586330632,9.96653480914,93778.6975549,0,161127.810828,0,3.28221001931,4.4005960007,7.44901525657,5.31785504237
TERT,ENSG00000164362.17,0,0.386102778676,325.60788822,1,4002.03214299,0,0.0180205547918,0.00775051090443,0.0319552283774,0.189354573241
WRN,ENSG00000165392.8,2.65761040972,7.91474433938,122716.145817,583,26413.4437142,113,3.66158226266,4.26725466827,4.13462837023,3.81300495149
DLD,ENSG00000091140.11,35.1100582531,29.9295493453,241755.449,0,585294.452667,0,17.0295455715,14.7655964669,41.5897935165,23.8771737454
RAD51D (RAD51L3),ENSG00000185379.19,1.11093247967,1.73745255121,30182.4455705,2,45009.526222,1,1.45211917622,2.58891198849,1.32195904192,1.68736261953
SIRT5,ENSG00000124523.13,2.47044551232,9.0163580576,40925.284073,1,150928.816062,2,3.56090311532,3.70653289074,2.46787299696,2.90240979605
HUS1,ENSG00000136273.10,3.23772546552,4.20465373202,84559.830698,0,121745.537392,0,2.59884270048,2.95067164146,3.11575511162,5.13838791605
DDX11,ENSG00000013573.15,0.638184033726,3.93244834577,79990.4083304,0,103009.820096,0,2.54131283756,2.49289528163,3.90774911176,2.9202622774
PRDX2,ENSG00000167815.10,92.5159872172,38.4597915721,1517607.59934,7,1543861.49868,8,126.06598102,177.010071064,154.346884109,105.173117029
XAB2 (HCNP),ENSG00000076924.10,5.96151312763,6.06945603327,297513.494783,0,222697.858825,1,13.1132154098,21.2912588336,10.2757670792,21.2524545766
ATAD2,ENSG00000156802.11,1.15355260096,12.7100118514,105507.446475,0,394558.438607,0,7.04097861106,11.1254522582,11.5075648682,10.6122884128
TP53BP1,ENSG00000067369.12,2.43465947154,6.02460010636,99267.1201845,1,135999.813163,0,7.90464679349,5.10303995031,9.23988163638,6.29012120752
PIAS1,ENSG00000033800.12,2.29603067834,3.98252097516,81361.6840213,2667,123906.354986,2155,4.45530680249,3.0726632924,4.41395666242,3.08044575091
NPRL3,ENSG00000103148.14,5.82298903876,6.35778776269,101655.876437,0,116582.524792,0,10.1844173819,17.9098322819,6.21494360566,16.2524359938
FANCM,ENSG00000187790.9,0.752535911997,1.9639115476,15855.9916242,0,19088.5779706,0,1.06581749878,0.644295541576,1.57710274283,0.903741982292
GTF2H1,ENSG00000110768.10,8.19110915448,8.79738115706,143824.181004,1,373565.999541,0,5.99786252866,5.71524617585,5.65611261835,6.40174486864
MSH6,ENSG00000116062.13,3.09968331988,14.0008094012,133852.71407,420,446607.605621,4,5.9501020676,7.21840833137,14.268616671,7.17009483108
CLSPN,ENSG00000092853.12,0.0777447374814,7.07829970292,8147.8795699,0,140592.139477,0,1.09147746169,1.46781584741,2.24373011648,1.0768936242
SAC3D1,ENSG00000168061.12,3.59620434695,8.07958144793,87364.3449427,0,148413.710821,0,6.21211507237,11.5283863483,5.95502521257,12.200019693
GTF2H2,ENSG00000145736.13,0.240641223061,0.319698132167,3637.9813569,1,11326.4316033,0,0.0703097963813,0.486584864398,0.221019979768,0.772375761944
CCNH,ENSG00000134480.12,13.113132329,2.28207889344,157073.804261,7,79174.7763918,6,6.05426189806,5.99215615458,4.48505819706,5.24769877917
PIAS3,ENSG00000131788.14,4.12132562843,10.6411076307,271406.496656,2,277079.346602,0,15.7681042047,7.87749992056,11.7243894061,14.4999688614
SUPT3H,ENSG00000196284.12,1.03870808521,2.04086160624,26951.11645,0,36921.1279183,3,1.58481633515,0.969157833855,1.30796128743,1.53000273725
RAD23B,ENSG00000119318.11,78.7538792106,72.3345107144,874120.939604,27,1690780.19705,1,77.1056339668,43.1913283776,49.5536296458,50.7622305251
ZMIZ1,ENSG00000108175.15,11.2877708826,19.40526633,506126.300392,2,371926.52599,0,25.8792021661,21.0778707822,19.496001775,18.6957148423
PPP2R5B,ENSG00000068971.12,8.70871811374,9.42910101675,187875.751503,0,71743.6441515,0,4.43510621012,7.01008917017,4.89354189256,7.31835981585
MCM3AP,ENSG00000160294.9,6.93137895325,11.5671754974,214692.204923,1,366907.342533,0,10.1934577365,12.4854139424,13.5685996515,13.3267281105
PPP2R5D,ENSG00000112640.13,18.0112734209,36.780146345,289353.601591,2,467006.263009,0,17.8547845384,23.9822510685,22.5013939997,20.572340189
PRDX3,ENSG00000165672.6,64.9534533533,47.7715113499,766238.359071,3,1725590.81362,0,69.8952048379,66.8306980543,72.0574897441,75.7956980342
CETN2,ENSG00000147400.8,20.0980317007,25.5159921997,614818.849317,0,800465.241311,0,44.6834735502,52.5418872537,42.8438730012,40.8721104288
FANCC,ENSG00000158169.10,0.756187888123,2.80007570887,30584.4246633,1,99263.8069437,0,1.77503072065,1.11461985965,1.38390222732,2.10634785207
RPA4,ENSG00000204086.4,0.0599254664546,0.0680941324389,2890.39617697,2,657.883916383,0,0.0177741198544,0.0573339075879,0.00727343856953,0
MNAT1,ENSG00000020426.9,5.29297690512,8.65755670905,92941.3808212,0,35913.8234198,0,6.9229392054,3.67020079684,5.06705556398,3.77415318828
ERCC1,ENSG00000012061.14,6.4742287485,8.91150614152,288058.182362,0,138640.540463,0,9.35359869728,11.885886624,6.06805135408,12.0979309984
SMG7,ENSG00000116698.19,7.21050995549,19.1385148666,296974.856289,0,506084.934811,4,24.3204327002,15.5889771078,20.1405947841,19.4352483649
UVSSA (KIAA1530),ENSG00000163945.14,0.692472056809,1.13959835438,47988.6977019,28,30179.4794286,0,2.21856427823,3.71242543385,1.90123782746,4.59914447706
OBFC2B (SSB1),ENSG00000139579.11,7.7903106391,9.74890206291,286867.693909,1,296830.816267,0,16.7453364879,32.3567965824,21.6853406267,21.3151364426
MCM10,ENSG00000065328.15,0.134266446659,14.1185663376,8451.07890883,0,223597.300932,0,0.874431947074,1.84654288069,3.17054708338,1.83765361367
RAD9A,ENSG00000172613.6,1.42763188493,4.14194388696,82919.4969454,1,97177.1394934,0,3.25229301745,5.06309700589,6.1754267446,5.35790526155
XRCC4,ENSG00000152422.14,2.09604770559,1.91864633255,40065.1826823,0,86291.9486735,0,4.19126498899,4.39182874178,3.90939169033,3.01225041259
NSMCE2,ENSG00000156831.6,4.30277271006,8.30667974676,182745.966691,0,126185.698425,0,5.59929344421,8.37293575206,7.2419227675,6.4420537494
RRM1,ENSG00000167325.13,14.256436324,32.0322276251,279827.070948,1,1153142.77167,0,27.3890804142,30.0591643706,31.2499100297,25.4919842134
WDHD1,ENSG00000198554.10,0.514880358606,5.272060672,21813.3997047,2,106166.081404,0,2.34935727366,1.49324972533,4.6736826567,2.30284158194
RNASEH2C,ENSG00000172922.7,4.42932998739,4.54943216457,181997.752606,0,91609.0452134,0,2.72626248435,15.0334251212,3.83947843515,8.89480829602
FANCE,ENSG00000112039.3,3.26985630584,3.46140729605,34720.9689544,0,125876.324753,0,1.65562377188,1.77901233693,1.95477221383,2.12183884201
DHX58,ENSG00000108771.11,2.43257162814,7.54309813691,93343.0743871,2,20096.0168993,0,21.08973553,10.9991588271,2.67499014744,8.09189115471
MSH3,ENSG00000113318.9,7.60006096327,3.6795028625,69155.0865588,3,127551.802255,0,4.80478734549,8.12546511768,7.31538942779,4.99922880828
PMS1,ENSG00000064933.15,2.26788411777,2.75359606042,56188.0000824,0,135728.407551,0,2.87048120645,1.98319754353,3.93005994601,3.871879308
FZR1,ENSG00000105325.12,3.4453528266,4.23540339789,198000.274938,4,219870.655736,0,9.71088211116,13.8708924637,7.98679215167,14.616220691
FAAP24 (C19orf40),ENSG00000131944.8,0.900651947306,2.77395000276,29595.0550891,0,89422.246761,0,2.57387254601,3.26063012672,3.04011318438,4.27810305356
HIST3H2A,ENSG00000181218.5,0.313353277104,6.5542821555,55418.0987674,7,10893.6755763,0,4.80199126347,13.1912829615,3.67654034509,3.86301195269
REV3L,ENSG00000009413.14,5.8322309509,5.69772971996,50362.2940045,2,189380.026148,2,2.75267829948,1.58510142965,4.15416663198,2.27611427477
RAD51L1,ENSG00000182185.17,0.283397685413,2.50519378779,10586.9087379,6,15304.5778274,3,1.32204079388,0.555043141212,0.836158466875,0.914417160622
ZSWIM7,ENSG00000214941.6,7.13579059713,6.08829132553,152512.919548,0,181076.185098,0,5.33098572516,7.16505808777,9.67495233122,12.5543520861
POLM,ENSG00000122678.13,2.38553305508,3.32756261187,119807.254357,1,36996.6232719,0,4.94981707272,5.81654856369,5.02971164053,12.7398195764
NUP107,ENSG00000111581.8,3.58803730397,3.80050376675,167823.628025,0,272579.809543,0,5.75548218536,6.72311733853,22.9536083557,6.81459191434
MMS19,ENSG00000155229.19,6.60091973455,12.5213727547,270929.960451,0,184458.322563,0,11.1687962298,14.0193902041,7.66266515053,17.9192325055
DOT1L,ENSG00000104885.16,0.874958593782,2.63975514836,139117.838231,0,60160.3091279,0,2.16714330759,3.012044363,1.90854202124,5.2418828958
MRPL2,ENSG00000112651.10,9.63433454383,14.4666730836,206202.085147,0,159765.515558,0,8.37616773857,9.24351755324,9.71541177717,10.189916116
DDB2 (XPE),ENSG00000134574.10,1.80400495502,3.40085949582,80004.8125657,0,72775.6373992,0,6.06701088452,5.93228567856,2.54874833272,5.70768208113
RMND5B,ENSG00000145916.17,4.99122097044,5.60338990877,144751.260735,0,73963.8871321,0,9.47657631382,17.0147918973,5.79631001672,10.0535456878
PPP2R5E,ENSG00000154001.12,5.1517117374,7.74105085909,109328.365045,0,117536.245927,0,10.0794812897,4.94903694423,12.6086656683,5.42667692831
ERCC2 (XPD),ENSG00000104884.13,1.7150761407,3.90687885445,70606.3289369,1,75619.9312817,0,3.90121263224,4.87002211132,3.57460750237,7.52550461497
BRSK1,ENSG00000160469.15,0.113579118925,0.826608283047,84130.7713057,36855,27187.1684581,15539,3.03913849404,3.42767505005,0.71488376172,2.69027335337
DNAJA2,ENSG00000069345.10,17.6693166085,18.3255000921,317021.011421,0,294161.785183,0,12.1257045893,19.177258219,16.2973848619,8.14141005815
XRCC3,ENSG00000126215.12,0.645473986616,1.26409994628,51588.4573196,0,17670.0591528,1,1.08406267704,1.31295946733,3.81191352509,3.72326084338
POLK (DINB1),ENSG00000122008.14,2.69687634645,2.70023212493,50567.9123211,0,53512.9497323,0,3.78228585397,2.39098451914,3.97160900658,2.34234830598
HELQ (HEL308),ENSG00000163312.9,3.12199898491,3.12796531882,64767.293812,39,61707.8458278,2,3.64797893247,2.91471812451,2.24303207639,2.77255394765
WAPAL,ENSG00000062650.16,7.82455376279,15.9745592124,237150.124425,0,333265.195356,0,14.9645393374,11.8238898563,14.3546505483,11.2619360722
MSH2,ENSG00000095002.11,3.47072714765,28.1254297286,108631.1463,0,664095.658634,0,9.65776638083,7.92235703022,24.3981041478,10.0872852892
ATM,ENSG00000149311.16,1.52126960457,3.88884409536,30486.2087845,49,147078.930299,0,2.87936440873,2.33491355983,1.26344096243,2.38040362063
POLH,ENSG00000170734.10,2.97968378682,13.8001543659,107135.174303,1,240339.490402,0,7.08464367147,5.32097532862,6.25343126912,6.77630242907
CRY1,ENSG00000008405.10,2.64088760504,6.30953612784,263862.375086,0,194382.473239,0,6.32389279736,4.17697111337,3.40038282172,4.06352470247
TUBB,ENSG00000196230.11,136.111268469,405.293140851,4387608.20241,0,14647292.8177,0,213.516760727,198.553995855,325.844677826,220.841206568
PRDX6,ENSG00000117592.8,342.273403137,74.6624688641,1464483.67796,431,1234962.34438,228,62.5189459884,79.9337858276,143.809431793,100.129453921
RNF168,ENSG00000163961.4,4.45826642148,7.60008795919,81329.6688758,2,241891.378487,0,3.80626111803,5.27913722203,10.6123372744,4.23199188432
FANCL,ENSG00000115392.10,3.42360251967,7.39888483814,131689.581485,11,691326.348799,0,13.5936645504,5.68832231402,8.99916138237,8.85817929878
SHFM1,ENSG00000127922.8,4.04635107869,7.84811051214,123397.36043,0,243734.825888,0,4.55611485856,4.43390202514,9.83072639661,8.63326186324
NFATC2IP,ENSG00000176953.9,4.19791573651,7.82477294614,184666.998689,0,211993.862418,0,12.2111734682,14.365411224,14.2870209336,17.3078982636
RBBP7,ENSG00000102054.16,10.4545294291,24.3628130335,432073.56271,4,459383.998512,0,22.8269039426,37.7340879001,23.353169272,19.7467719945
IGHMBP2,ENSG00000132740.7,1.89907649918,2.94481229825,59360.7942877,0,68380.2405711,0,4.07014972889,3.61083895027,4.55442134836,4.60577491984
PCNA,ENSG00000132646.9,13.6634952066,86.8413898937,730897.553094,2,2498245.969,3,52.2508375044,32.1646729421,47.0292329946,102.558041169
HIST1H2AI,ENSG00000196747.4,0,0.586629371575,2988.08352291,53,16322.84548,14,5.26439040937,2.24046776849,0.902311265882,0.579231749557
HSPA14,ENSG00000187522.12,2.55473034657,20.6123492305,133933.287912,3,246243.573983,0,5.13058934129,5.46150094547,12.6912898098,6.09556659584
POLI,ENSG00000101751.9,4.39731820047,1.3023035782,72470.9899156,0,39498.041657,0,4.24946157229,4.75016055391,4.04815123274,6.34532042138
CDC20B,ENSG00000164287.11,0.00346544067576,0.00262521862902,334.298490219,1,285.336663022,0,0.107925594312,0,0.509787802942,13.0383314701
GTF2H3,ENSG00000111358.12,5.31441111166,14.9132284648,143931.506657,0,208675.641645,0,9.8670384273,9.991595571,10.165340271,9.38125442363
PRRC2A,ENSG00000204469.11,18.3907739256,49.8988423711,867011.037984,1,1480589.58705,0,39.6004660377,34.1749590808,43.1044956074,48.8668500118
MDC1,ENSG00000137337.13,2.98899071396,12.0591240793,124318.577631,0,661481.719051,0,8.41387688526,7.41126073889,8.54791385459,5.9903797012
PALB2 (FANCN),ENSG00000083093.8,1.83475190531,4.93552162794,75250.5643265,1,219982.966184,0,5.85568696868,6.67744964919,4.61559203904,5.82257046764
PPP2R5C,ENSG00000078304.18,7.72216109541,12.5843967623,142527.338953,20,189580.514506,8,8.8874330979,6.84405315336,9.28275842462,6.9937906445
RMI1,ENSG00000178966.14,1.23507633742,5.24352650287,52857.3542866,0,257891.620772,0,9.84737935408,3.18794182482,5.10870396978,8.78408444184
RBBP4,ENSG00000162521.17,9.26610971899,33.9532060918,338533.455507,0,633796.472843,0,28.7319116669,28.6834213999,32.6821785452,24.0015450648
CRY2,ENSG00000121671.10,22.7828891142,4.48703723024,242743.551619,0,65881.7687103,0,8.8124659597,9.2672308848,5.85995136571,9.35777541582
ERCC4,ENSG00000175595.13,1.10500860129,2.50848266608,24813.2198203,9,41458.3513406,21,2.97105128262,1.97911769512,2.15933431575,1.59337571
FBXO18,ENSG00000134452.18,10.2781689798,38.7062171746,214404.242878,7,503925.67788,0,10.8858763176,9.37816463242,9.07249244027,11.2101588308
CCNK,ENSG00000090061.16,0.835894645218,1.54357745472,24501.5578602,0,38361.3552265,0,1.71695403032,0.796480970229,2.12575533083,1.26182324732
PFDN4,ENSG00000101132.8,7.25780839289,7.49414715287,159052.281779,0,257354.194916,0,6.13517619603,9.03013398984,33.8903200151,8.17265204026
RAD9B,ENSG00000151164.17,0.10785829708,0.226551906961,4098.8206747,22,10576.2395494,0,0.449330644778,0.140718841783,0.167806329741,0.385048770961
GTF2H4,ENSG00000213780.9,0.973374979982,1.51989113289,31725.1587748,0,48523.4822305,0,1.13715087245,0.980694905482,0.98854468956,1.66747191232
VPS53,ENSG00000141252.18,2.4139935738,3.21914937794,49838.8997719,44,50187.9269615,0,1.37318024389,2.51473613062,3.10280942738,2.70734787785
SWSAP1 (C19orf39),ENSG00000173928.2,0.758676333024,1.11441466153,51468.7331908,1563,38851.873803,1494,2.73324588925,4.7269832123,3.31502943639,4.2791834711
BTBD12 (SLX4),ENSG00000188827.9,0.520502654737,1.71047768366,33357.3677445,0,43305.0116069,0,2.15114228582,4.49546954051,2.58338720912,4.20531284872
CCNB1,ENSG00000134057.13,1.25473337893,19.3148110454,97340.8897545,56,803125.036046,0,13.1700808335,21.9091733118,43.5676126906,15.687685058
NUP153,ENSG00000124789.10,7.57843486053,30.8795786261,303093.749688,1,1690670.01958,411,13.9672747811,9.19921121032,14.3967765262,10.3914496065
UBE2V2,ENSG00000169139.10,8.0450346927,19.0373574625,170110.126399,24,379113.822895,2,8.28345017121,10.0543156598,21.1455572931,7.48304405812
FAAP20 (C1orf86),ENSG00000162585.15,1.34168046918,2.68151316701,74397.6042962,184,28346.3834034,0,3.44563264829,4.95382609226,1.90322086776,5.44664271316
DNAJA4,ENSG00000140403.11,5.51030620536,7.01624749233,210328.105764,0,125426.152579,0,13.1339176771,9.06486396893,19.0004595247,11.6965793702
PSMD4,ENSG00000159352.14,36.9467127635,63.5419260827,863967.776981,0,1577506.52509,0,58.1391636594,44.8002267157,41.9001963248,96.4440955293
POLE3,ENSG00000148229.11,13.0616345047,33.8995812322,604896.428802,143,1156261.30027,10,29.6815515311,24.1119465736,36.9896248948,32.5740153689
